{
  "heatwave": {
    "variables": [
      "solar_global",
      "temp_max",
      "temp_min",
      "evapotranspiration",
      "temp_avg_classic",
      "temp_avg"
    ],
    "weights": {
      "solar_global": 0.15471624106082088,
      "temp_max": 0.16602055421272927,
      "temp_min": 0.17310790566795062,
      "evapotranspiration": 0.16053533213583474,
      "temp_avg_classic": 0.17183624557432914,
      "temp_avg": 0.17378372134833542
    },
    "combined_correlations": {
      "solar_global": 0.09173084835565479,
      "temp_max": 0.09843314559602596,
      "temp_min": 0.10263521744785287,
      "humidity_avg": 0.013064470363147984,
      "evapotranspiration": 0.09518097199690846,
      "temp_amplitude": 0.004795589381900337,
      "temp_avg_classic": 0.10188125355622707,
      "humidity_max": 0.017748608857228308,
      "temp_avg": 0.10303590676959887,
      "humidity_min": 0.016420837374379882
    }
  },
  "rainfall": {
    "variables": [
      "rain_max_1h",
      "rain_8h",
      "rain_max_1min",
      "rain_max_30min",
      "rain_daily"
    ],
    "weights": {
      "rain_max_1h": 0.21641903013614766,
      "rain_8h": 0.15510322294278367,
      "rain_max_1min": 0.2025354931829668,
      "rain_max_30min": 0.24646662854809392,
      "rain_daily": 0.17947562519000793
    },
    "combined_correlations": {
      "rain_max_1h": 0.04357354026724461,
      "rain_8h": 0.03122829136709994,
      "rain_max_1min": 0.04077824608216009,
      "rain_max_30min": 0.049623286625100835,
      "rain_daily": 0.03613540073756897
    }
  }
}